{"isWindow":true,"EffVolume":0.6039272546768189,"BgmVolume":0.5829086303710938}