{"isWindow":true,"EffVolume":0.47981399297714236,"BgmVolume":0.5477973222732544}