{"isWindow":true,"EffVolume":0.6039272546768189,"BgmVolume":0.7739361524581909}